ReadGroup,CovariateValue,CovariateName,EventType,Observations,Errors,EmpiricalQuality,AverageReportedQuality,Accuracy,Recalibration
FCHJKY5BBXX_L6_IGAGTGG,AA,Context,Base Substitution,242326769,222548.00,30.00,30.25,-0.25,Before
FCHJKY5BBXX_L6_IGAGTGG,CA,Context,Base Substitution,275459572,245961.00,31.00,30.27,0.73,Before
FCHJKY5BBXX_L6_IGAGTGG,GA,Context,Base Substitution,227912037,286730.00,29.00,28.53,0.47,Before
FCHJKY5BBXX_L6_IGAGTGG,TA,Context,Base Substitution,144418805,241324.00,28.00,29.78,-1.78,Before
FCHJKY5BBXX_L6_IGAGTGG,AC,Context,Base Substitution,182655782,302288.00,28.00,32.12,-4.12,Before
FCHJKY5BBXX_L6_IGAGTGG,CC,Context,Base Substitution,241761780,549173.00,26.00,30.80,-4.80,Before
FCHJKY5BBXX_L6_IGAGTGG,GC,Context,Base Substitution,216016459,458655.00,27.00,31.69,-4.69,Before
FCHJKY5BBXX_L6_IGAGTGG,TC,Context,Base Substitution,227915569,355988.00,28.00,30.81,-2.81,Before
FCHJKY5BBXX_L6_IGAGTGG,AG,Context,Base Substitution,266163813,177088.00,32.00,31.29,0.71,Before
FCHJKY5BBXX_L6_IGAGTGG,CG,Context,Base Substitution,89481640,416901.00,23.00,30.61,-7.61,Before
FCHJKY5BBXX_L6_IGAGTGG,GG,Context,Base Substitution,241220602,372760.00,28.00,30.66,-2.66,Before
FCHJKY5BBXX_L6_IGAGTGG,TG,Context,Base Substitution,271706753,200551.00,31.00,30.74,0.26,Before
FCHJKY5BBXX_L6_IGAGTGG,AT,Context,Base Substitution,188083758,159198.00,31.00,29.11,1.89,Before
FCHJKY5BBXX_L6_IGAGTGG,CT,Context,Base Substitution,276640778,228824.00,31.00,28.66,2.34,Before
FCHJKY5BBXX_L6_IGAGTGG,GT,Context,Base Substitution,187026639,233329.00,29.00,27.39,1.61,Before
FCHJKY5BBXX_L6_IGAGTGG,TT,Context,Base Substitution,245194666,500869.00,27.00,28.75,-1.75,Before
FCHJKY5BBXX_L6_IGAGTGG,1,Cycle,Base Substitution,40166802,1765.00,43.00,28.57,14.43,Before
FCHJKY5BBXX_L6_IGAGTGG,-1,Cycle,Base Substitution,40157773,3203.00,41.00,26.45,14.55,Before
FCHJKY5BBXX_L6_IGAGTGG,2,Cycle,Base Substitution,40153582,3442.00,40.00,28.34,11.66,Before
FCHJKY5BBXX_L6_IGAGTGG,-2,Cycle,Base Substitution,40166666,6078.00,38.00,27.46,10.54,Before
FCHJKY5BBXX_L6_IGAGTGG,3,Cycle,Base Substitution,40209390,173575.00,24.00,29.82,-5.82,Before
FCHJKY5BBXX_L6_IGAGTGG,-3,Cycle,Base Substitution,40198622,211863.00,23.00,28.02,-5.02,Before
FCHJKY5BBXX_L6_IGAGTGG,4,Cycle,Base Substitution,39983709,159527.00,24.00,30.61,-6.61,Before
FCHJKY5BBXX_L6_IGAGTGG,-4,Cycle,Base Substitution,39968210,184646.00,23.00,27.99,-4.99,Before
FCHJKY5BBXX_L6_IGAGTGG,5,Cycle,Base Substitution,39828319,122088.00,25.00,31.01,-6.01,Before
FCHJKY5BBXX_L6_IGAGTGG,-5,Cycle,Base Substitution,39821776,154597.00,24.00,28.56,-4.56,Before
FCHJKY5BBXX_L6_IGAGTGG,6,Cycle,Base Substitution,39604504,68450.00,28.00,31.91,-3.91,Before
FCHJKY5BBXX_L6_IGAGTGG,-6,Cycle,Base Substitution,39594900,121029.00,25.00,28.68,-3.68,Before
FCHJKY5BBXX_L6_IGAGTGG,7,Cycle,Base Substitution,39392207,31672.00,31.00,31.44,-0.44,Before
FCHJKY5BBXX_L6_IGAGTGG,-7,Cycle,Base Substitution,39386935,69587.00,28.00,29.07,-1.07,Before
FCHJKY5BBXX_L6_IGAGTGG,8,Cycle,Base Substitution,39180935,83252.00,27.00,31.86,-4.86,Before
FCHJKY5BBXX_L6_IGAGTGG,-8,Cycle,Base Substitution,39176840,90419.00,26.00,28.89,-2.89,Before
FCHJKY5BBXX_L6_IGAGTGG,9,Cycle,Base Substitution,38995639,33951.00,31.00,32.36,-1.36,Before
FCHJKY5BBXX_L6_IGAGTGG,-9,Cycle,Base Substitution,38990763,68710.00,28.00,29.10,-1.10,Before
FCHJKY5BBXX_L6_IGAGTGG,10,Cycle,Base Substitution,38798043,18377.00,33.00,32.78,0.22,Before
FCHJKY5BBXX_L6_IGAGTGG,-10,Cycle,Base Substitution,38793596,61774.00,28.00,29.26,-1.26,Before
FCHJKY5BBXX_L6_IGAGTGG,11,Cycle,Base Substitution,38579170,17707.00,33.00,32.84,0.16,Before
FCHJKY5BBXX_L6_IGAGTGG,-11,Cycle,Base Substitution,38578845,63378.00,28.00,29.35,-1.35,Before
FCHJKY5BBXX_L6_IGAGTGG,12,Cycle,Base Substitution,38350956,16778.00,34.00,32.63,1.37,Before
FCHJKY5BBXX_L6_IGAGTGG,-12,Cycle,Base Substitution,38348952,61186.00,28.00,29.36,-1.36,Before
FCHJKY5BBXX_L6_IGAGTGG,13,Cycle,Base Substitution,38138386,17422.00,33.00,32.40,0.60,Before
FCHJKY5BBXX_L6_IGAGTGG,-13,Cycle,Base Substitution,38138254,60911.00,28.00,29.25,-1.25,Before
FCHJKY5BBXX_L6_IGAGTGG,14,Cycle,Base Substitution,37953145,15654.00,34.00,32.46,1.54,Before
FCHJKY5BBXX_L6_IGAGTGG,-14,Cycle,Base Substitution,37952066,58034.00,28.00,29.25,-1.25,Before
FCHJKY5BBXX_L6_IGAGTGG,15,Cycle,Base Substitution,37746451,14982.00,34.00,32.47,1.53,Before
FCHJKY5BBXX_L6_IGAGTGG,-15,Cycle,Base Substitution,37747928,59094.00,28.00,29.26,-1.26,Before
FCHJKY5BBXX_L6_IGAGTGG,16,Cycle,Base Substitution,37523069,14280.00,34.00,32.52,1.48,Before
FCHJKY5BBXX_L6_IGAGTGG,-16,Cycle,Base Substitution,37524077,113286.00,25.00,28.93,-3.93,Before
FCHJKY5BBXX_L6_IGAGTGG,17,Cycle,Base Substitution,37328058,13600.00,34.00,32.53,1.47,Before
FCHJKY5BBXX_L6_IGAGTGG,-17,Cycle,Base Substitution,37326873,52278.00,29.00,29.33,-0.33,Before
FCHJKY5BBXX_L6_IGAGTGG,18,Cycle,Base Substitution,37125005,14063.00,34.00,32.48,1.52,Before
FCHJKY5BBXX_L6_IGAGTGG,-18,Cycle,Base Substitution,37125995,52674.00,28.00,29.30,-1.30,Before
FCHJKY5BBXX_L6_IGAGTGG,19,Cycle,Base Substitution,36902777,13547.00,34.00,32.37,1.63,Before
FCHJKY5BBXX_L6_IGAGTGG,-19,Cycle,Base Substitution,36900459,51813.00,29.00,29.29,-0.29,Before
FCHJKY5BBXX_L6_IGAGTGG,20,Cycle,Base Substitution,36700573,14626.00,34.00,32.16,1.84,Before
FCHJKY5BBXX_L6_IGAGTGG,-20,Cycle,Base Substitution,36698956,49142.00,29.00,29.37,-0.37,Before
FCHJKY5BBXX_L6_IGAGTGG,21,Cycle,Base Substitution,36494001,13828.00,34.00,32.31,1.69,Before
FCHJKY5BBXX_L6_IGAGTGG,-21,Cycle,Base Substitution,36491090,50711.00,29.00,29.27,-0.27,Before
FCHJKY5BBXX_L6_IGAGTGG,22,Cycle,Base Substitution,36270647,13548.00,34.00,32.26,1.74,Before
FCHJKY5BBXX_L6_IGAGTGG,-22,Cycle,Base Substitution,36265502,51664.00,28.00,29.31,-1.31,Before
FCHJKY5BBXX_L6_IGAGTGG,23,Cycle,Base Substitution,36076055,15264.00,34.00,32.08,1.92,Before
FCHJKY5BBXX_L6_IGAGTGG,-23,Cycle,Base Substitution,36068187,106056.00,25.00,28.96,-3.96,Before
FCHJKY5BBXX_L6_IGAGTGG,24,Cycle,Base Substitution,35871623,21448.00,32.00,32.05,-0.05,Before
FCHJKY5BBXX_L6_IGAGTGG,-24,Cycle,Base Substitution,35864327,49141.00,29.00,29.24,-0.24,Before
FCHJKY5BBXX_L6_IGAGTGG,25,Cycle,Base Substitution,35639795,174315.00,23.00,30.56,-7.56,Before
FCHJKY5BBXX_L6_IGAGTGG,-25,Cycle,Base Substitution,35635419,49609.00,29.00,29.22,-0.22,Before
FCHJKY5BBXX_L6_IGAGTGG,26,Cycle,Base Substitution,35436706,19144.00,33.00,31.28,1.72,Before
FCHJKY5BBXX_L6_IGAGTGG,-26,Cycle,Base Substitution,35426027,47916.00,29.00,29.23,-0.23,Before
FCHJKY5BBXX_L6_IGAGTGG,27,Cycle,Base Substitution,35229673,19372.00,33.00,31.33,1.67,Before
FCHJKY5BBXX_L6_IGAGTGG,-27,Cycle,Base Substitution,35216905,48039.00,29.00,29.29,-0.29,Before
FCHJKY5BBXX_L6_IGAGTGG,28,Cycle,Base Substitution,35002451,19838.00,32.00,31.28,0.72,Before
FCHJKY5BBXX_L6_IGAGTGG,-28,Cycle,Base Substitution,34987129,48974.00,29.00,29.20,-0.20,Before
FCHJKY5BBXX_L6_IGAGTGG,29,Cycle,Base Substitution,34798480,20435.00,32.00,31.15,0.85,Before
FCHJKY5BBXX_L6_IGAGTGG,-29,Cycle,Base Substitution,34779918,47788.00,29.00,29.18,-0.18,Before
FCHJKY5BBXX_L6_IGAGTGG,30,Cycle,Base Substitution,34594842,20601.00,32.00,31.11,0.89,Before
FCHJKY5BBXX_L6_IGAGTGG,-30,Cycle,Base Substitution,34574353,48381.00,29.00,29.15,-0.15,Before
FCHJKY5BBXX_L6_IGAGTGG,31,Cycle,Base Substitution,34367895,21230.00,32.00,31.07,0.93,Before
FCHJKY5BBXX_L6_IGAGTGG,-31,Cycle,Base Substitution,34346124,49811.00,28.00,29.09,-1.09,Before
FCHJKY5BBXX_L6_IGAGTGG,32,Cycle,Base Substitution,34159000,24227.00,32.00,31.01,0.99,Before
FCHJKY5BBXX_L6_IGAGTGG,-32,Cycle,Base Substitution,34136840,52527.00,28.00,29.11,-1.11,Before
FCHJKY5BBXX_L6_IGAGTGG,33,Cycle,Base Substitution,33948102,68553.00,27.00,30.67,-3.67,Before
FCHJKY5BBXX_L6_IGAGTGG,-33,Cycle,Base Substitution,33924005,116224.00,25.00,28.64,-3.64,Before
FCHJKY5BBXX_L6_IGAGTGG,34,Cycle,Base Substitution,33721591,21508.00,32.00,31.02,0.98,Before
FCHJKY5BBXX_L6_IGAGTGG,-34,Cycle,Base Substitution,33694677,48235.00,28.00,29.01,-1.01,Before
FCHJKY5BBXX_L6_IGAGTGG,35,Cycle,Base Substitution,33514990,20988.00,32.00,31.12,0.88,Before
FCHJKY5BBXX_L6_IGAGTGG,-35,Cycle,Base Substitution,33485442,46449.00,29.00,29.01,-0.01,Before
FCHJKY5BBXX_L6_IGAGTGG,36,Cycle,Base Substitution,33308584,21601.00,32.00,31.02,0.98,Before
FCHJKY5BBXX_L6_IGAGTGG,-36,Cycle,Base Substitution,33274467,47990.00,28.00,28.99,-0.99,Before
FCHJKY5BBXX_L6_IGAGTGG,37,Cycle,Base Substitution,33084665,22267.00,32.00,30.95,1.05,Before
FCHJKY5BBXX_L6_IGAGTGG,-37,Cycle,Base Substitution,33051825,46644.00,29.00,29.03,-0.03,Before
FCHJKY5BBXX_L6_IGAGTGG,38,Cycle,Base Substitution,32872277,22409.00,32.00,30.94,1.06,Before
FCHJKY5BBXX_L6_IGAGTGG,-38,Cycle,Base Substitution,32840709,46136.00,29.00,29.02,-0.02,Before
FCHJKY5BBXX_L6_IGAGTGG,39,Cycle,Base Substitution,32672730,23065.00,32.00,30.84,1.16,Before
FCHJKY5BBXX_L6_IGAGTGG,-39,Cycle,Base Substitution,32634057,47158.00,28.00,28.98,-0.98,Before
FCHJKY5BBXX_L6_IGAGTGG,40,Cycle,Base Substitution,32444106,22504.00,32.00,30.87,1.13,Before
FCHJKY5BBXX_L6_IGAGTGG,-40,Cycle,Base Substitution,32404153,45946.00,28.00,28.98,-0.98,Before
FCHJKY5BBXX_L6_IGAGTGG,41,Cycle,Base Substitution,32213410,22897.00,31.00,30.78,0.22,Before
FCHJKY5BBXX_L6_IGAGTGG,-41,Cycle,Base Substitution,32170971,46176.00,28.00,28.91,-0.91,Before
FCHJKY5BBXX_L6_IGAGTGG,42,Cycle,Base Substitution,32006137,23200.00,31.00,30.73,0.27,Before
FCHJKY5BBXX_L6_IGAGTGG,-42,Cycle,Base Substitution,31963127,46858.00,28.00,28.85,-0.85,Before
FCHJKY5BBXX_L6_IGAGTGG,43,Cycle,Base Substitution,31795329,24234.00,31.00,30.71,0.29,Before
FCHJKY5BBXX_L6_IGAGTGG,-43,Cycle,Base Substitution,31750843,51326.00,28.00,28.72,-0.72,Before
FCHJKY5BBXX_L6_IGAGTGG,44,Cycle,Base Substitution,31601689,23427.00,31.00,30.72,0.28,Before
FCHJKY5BBXX_L6_IGAGTGG,-44,Cycle,Base Substitution,31552088,100563.00,25.00,28.44,-3.44,Before
FCHJKY5BBXX_L6_IGAGTGG,45,Cycle,Base Substitution,31383774,23629.00,31.00,30.71,0.29,Before
FCHJKY5BBXX_L6_IGAGTGG,-45,Cycle,Base Substitution,31333656,47234.00,28.00,28.63,-0.63,Before
FCHJKY5BBXX_L6_IGAGTGG,46,Cycle,Base Substitution,31164751,23069.00,31.00,30.70,0.30,Before
FCHJKY5BBXX_L6_IGAGTGG,-46,Cycle,Base Substitution,31107414,48142.00,28.00,28.58,-0.58,Before
FCHJKY5BBXX_L6_IGAGTGG,47,Cycle,Base Substitution,30938723,24196.00,31.00,30.58,0.42,Before
FCHJKY5BBXX_L6_IGAGTGG,-47,Cycle,Base Substitution,30878044,46617.00,28.00,28.54,-0.54,Before
FCHJKY5BBXX_L6_IGAGTGG,48,Cycle,Base Substitution,30736525,27184.00,31.00,30.55,0.45,Before
FCHJKY5BBXX_L6_IGAGTGG,-48,Cycle,Base Substitution,30661882,42603.00,29.00,28.52,0.48,Before
FCHJKY5BBXX_L6_IGAGTGG,49,Cycle,Base Substitution,30491614,155012.00,23.00,29.79,-6.79,Before
FCHJKY5BBXX_L6_IGAGTGG,-49,Cycle,Base Substitution,30406202,37134.00,29.00,28.53,0.47,Before
FCHJKY5BBXX_L6_IGAGTGG,50,Cycle,Base Substitution,29976504,0.00,50.00,30.16,19.84,Before
FCHJKY5BBXX_L6_IGAGTGG,-50,Cycle,Base Substitution,29970613,0.00,48.00,28.71,19.29,Before
FCHJKY5BBXX_L6_IGAGTGG,51,Cycle,Base Substitution,28349539,0.00,49.00,29.50,19.50,Before
FCHJKY5BBXX_L6_IGAGTGG,-51,Cycle,Base Substitution,28069720,0.00,48.00,28.05,19.95,Before
FCHJKY5BBXX_L6_IGAGTGG,12,QualityScore,Base Substitution,46983105,2823423.00,12.00,12.00,0.00,Before
FCHJKY5BBXX_L6_IGAGTGG,22,QualityScore,Base Substitution,32721349,229625.00,22.00,22.00,0.00,Before
FCHJKY5BBXX_L6_IGAGTGG,27,QualityScore,Base Substitution,58907567,188622.00,25.00,27.00,-2.00,Before
FCHJKY5BBXX_L6_IGAGTGG,32,QualityScore,Base Substitution,230629394,222666.00,30.00,32.00,-2.00,Before
FCHJKY5BBXX_L6_IGAGTGG,37,QualityScore,Base Substitution,422784278,760406.00,27.00,37.00,-10.00,Before
FCHJKY5BBXX_L6_IGAGTGG,41,QualityScore,Base Substitution,2812365437,732763.00,36.00,41.00,-5.00,Before
FCHJKY5BBXX_L6_IGAGTGG,AA,Context,Base Substitution,242326769,222548.00,30.00,30.17,-0.17,After
FCHJKY5BBXX_L6_IGAGTGG,CA,Context,Base Substitution,275459546,245961.00,31.00,30.52,0.48,After
FCHJKY5BBXX_L6_IGAGTGG,GA,Context,Base Substitution,227912037,286730.00,29.00,29.19,-0.19,After
FCHJKY5BBXX_L6_IGAGTGG,TA,Context,Base Substitution,144393879,229891.00,28.00,27.66,0.34,After
FCHJKY5BBXX_L6_IGAGTGG,AC,Context,Base Substitution,182551859,266116.00,28.00,28.22,-0.22,After
FCHJKY5BBXX_L6_IGAGTGG,CC,Context,Base Substitution,241703239,534479.00,27.00,26.99,0.01,After
FCHJKY5BBXX_L6_IGAGTGG,GC,Context,Base Substitution,215830695,397609.00,27.00,27.50,-0.50,After
FCHJKY5BBXX_L6_IGAGTGG,TC,Context,Base Substitution,227894406,349132.00,28.00,28.19,-0.19,After
FCHJKY5BBXX_L6_IGAGTGG,AG,Context,Base Substitution,266163813,177088.00,32.00,31.57,0.43,After
FCHJKY5BBXX_L6_IGAGTGG,CG,Context,Base Substitution,89450443,400570.00,23.00,23.37,-0.37,After
FCHJKY5BBXX_L6_IGAGTGG,GG,Context,Base Substitution,241220602,372760.00,28.00,28.38,-0.38,After
FCHJKY5BBXX_L6_IGAGTGG,TG,Context,Base Substitution,271706753,200551.00,31.00,31.37,-0.37,After
FCHJKY5BBXX_L6_IGAGTGG,AT,Context,Base Substitution,188083758,159198.00,31.00,30.90,0.10,After
FCHJKY5BBXX_L6_IGAGTGG,CT,Context,Base Substitution,276640720,228824.00,31.00,31.42,-0.42,After
FCHJKY5BBXX_L6_IGAGTGG,GT,Context,Base Substitution,187026639,233329.00,29.00,29.38,-0.38,After
FCHJKY5BBXX_L6_IGAGTGG,TT,Context,Base Substitution,245169092,498587.00,27.00,26.71,0.29,After
FCHJKY5BBXX_L6_IGAGTGG,1,Cycle,Base Substitution,40165926,1648.00,44.00,36.13,7.87,After
FCHJKY5BBXX_L6_IGAGTGG,-1,Cycle,Base Substitution,40157072,3099.00,41.00,33.52,7.48,After
FCHJKY5BBXX_L6_IGAGTGG,2,Cycle,Base Substitution,40152925,3178.00,41.00,33.36,7.64,After
FCHJKY5BBXX_L6_IGAGTGG,-2,Cycle,Base Substitution,40166128,5929.00,38.00,31.22,6.78,After
FCHJKY5BBXX_L6_IGAGTGG,3,Cycle,Base Substitution,40208613,173293.00,24.00,23.96,0.04,After
FCHJKY5BBXX_L6_IGAGTGG,-3,Cycle,Base Substitution,40198113,211697.00,23.00,23.20,-0.20,After
FCHJKY5BBXX_L6_IGAGTGG,4,Cycle,Base Substitution,39982940,159269.00,24.00,23.87,0.13,After
FCHJKY5BBXX_L6_IGAGTGG,-4,Cycle,Base Substitution,39967443,184416.00,23.00,23.18,-0.18,After
FCHJKY5BBXX_L6_IGAGTGG,5,Cycle,Base Substitution,39827493,121769.00,25.00,26.14,-1.14,After
FCHJKY5BBXX_L6_IGAGTGG,-5,Cycle,Base Substitution,39821005,154368.00,24.00,24.97,-0.97,After
FCHJKY5BBXX_L6_IGAGTGG,6,Cycle,Base Substitution,39603447,68059.00,28.00,28.00,-0.00,After
FCHJKY5BBXX_L6_IGAGTGG,-6,Cycle,Base Substitution,39593598,120543.00,25.00,25.44,-0.44,After
FCHJKY5BBXX_L6_IGAGTGG,7,Cycle,Base Substitution,39389643,30901.00,31.00,30.99,0.01,After
FCHJKY5BBXX_L6_IGAGTGG,-7,Cycle,Base Substitution,39384727,68783.00,28.00,27.47,0.53,After
FCHJKY5BBXX_L6_IGAGTGG,8,Cycle,Base Substitution,39145294,72038.00,27.00,27.82,-0.82,After
FCHJKY5BBXX_L6_IGAGTGG,-8,Cycle,Base Substitution,39159778,84094.00,27.00,26.64,0.36,After
FCHJKY5BBXX_L6_IGAGTGG,9,Cycle,Base Substitution,38994962,33708.00,31.00,30.76,0.24,After
FCHJKY5BBXX_L6_IGAGTGG,-9,Cycle,Base Substitution,38990219,68531.00,28.00,27.66,0.34,After
FCHJKY5BBXX_L6_IGAGTGG,10,Cycle,Base Substitution,38797435,18166.00,33.00,33.11,-0.11,After
FCHJKY5BBXX_L6_IGAGTGG,-10,Cycle,Base Substitution,38793028,61604.00,28.00,27.89,0.11,After
FCHJKY5BBXX_L6_IGAGTGG,11,Cycle,Base Substitution,38578519,17446.00,33.00,33.10,-0.10,After
FCHJKY5BBXX_L6_IGAGTGG,-11,Cycle,Base Substitution,38578227,63173.00,28.00,27.79,0.21,After
FCHJKY5BBXX_L6_IGAGTGG,12,Cycle,Base Substitution,38350296,16532.00,34.00,33.22,0.78,After
FCHJKY5BBXX_L6_IGAGTGG,-12,Cycle,Base Substitution,38348216,60986.00,28.00,27.96,0.04,After
FCHJKY5BBXX_L6_IGAGTGG,13,Cycle,Base Substitution,38137697,17169.00,33.00,33.17,-0.17,After
FCHJKY5BBXX_L6_IGAGTGG,-13,Cycle,Base Substitution,38137496,60707.00,28.00,27.96,0.04,After
FCHJKY5BBXX_L6_IGAGTGG,14,Cycle,Base Substitution,37952423,15402.00,34.00,33.24,0.76,After
FCHJKY5BBXX_L6_IGAGTGG,-14,Cycle,Base Substitution,37950518,57606.00,28.00,28.08,-0.08,After
FCHJKY5BBXX_L6_IGAGTGG,15,Cycle,Base Substitution,37745765,14733.00,34.00,33.60,0.40,After
FCHJKY5BBXX_L6_IGAGTGG,-15,Cycle,Base Substitution,37744231,58110.00,28.00,27.92,0.08,After
FCHJKY5BBXX_L6_IGAGTGG,16,Cycle,Base Substitution,37522446,14059.00,34.00,33.74,0.26,After
FCHJKY5BBXX_L6_IGAGTGG,-16,Cycle,Base Substitution,37488688,101897.00,26.00,26.08,-0.08,After
FCHJKY5BBXX_L6_IGAGTGG,17,Cycle,Base Substitution,37327436,13362.00,34.00,33.73,0.27,After
FCHJKY5BBXX_L6_IGAGTGG,-17,Cycle,Base Substitution,37326440,52133.00,29.00,28.77,0.23,After
FCHJKY5BBXX_L6_IGAGTGG,18,Cycle,Base Substitution,37124334,13813.00,34.00,33.66,0.34,After
FCHJKY5BBXX_L6_IGAGTGG,-18,Cycle,Base Substitution,37125484,52509.00,29.00,28.18,0.82,After
FCHJKY5BBXX_L6_IGAGTGG,19,Cycle,Base Substitution,36902114,13300.00,34.00,33.99,0.01,After
FCHJKY5BBXX_L6_IGAGTGG,-19,Cycle,Base Substitution,36899902,51636.00,29.00,28.22,0.78,After
FCHJKY5BBXX_L6_IGAGTGG,20,Cycle,Base Substitution,36699834,14379.00,34.00,33.53,0.47,After
FCHJKY5BBXX_L6_IGAGTGG,-20,Cycle,Base Substitution,36698375,48980.00,29.00,29.06,-0.06,After
FCHJKY5BBXX_L6_IGAGTGG,21,Cycle,Base Substitution,36493347,13589.00,34.00,33.91,0.09,After
FCHJKY5BBXX_L6_IGAGTGG,-21,Cycle,Base Substitution,36489767,50337.00,29.00,28.77,0.23,After
FCHJKY5BBXX_L6_IGAGTGG,22,Cycle,Base Substitution,36269868,13261.00,34.00,33.82,0.18,After
FCHJKY5BBXX_L6_IGAGTGG,-22,Cycle,Base Substitution,36261885,50890.00,29.00,28.10,0.90,After
FCHJKY5BBXX_L6_IGAGTGG,23,Cycle,Base Substitution,36074238,14622.00,34.00,32.97,1.03,After
FCHJKY5BBXX_L6_IGAGTGG,-23,Cycle,Base Substitution,36034175,95860.00,26.00,26.39,-0.39,After
FCHJKY5BBXX_L6_IGAGTGG,24,Cycle,Base Substitution,35864443,19162.00,33.00,31.51,1.49,After
FCHJKY5BBXX_L6_IGAGTGG,-24,Cycle,Base Substitution,35864099,49068.00,29.00,28.94,0.06,After
FCHJKY5BBXX_L6_IGAGTGG,25,Cycle,Base Substitution,35518437,129731.00,24.00,25.11,-1.11,After
FCHJKY5BBXX_L6_IGAGTGG,-25,Cycle,Base Substitution,35635161,49541.00,29.00,28.83,0.17,After
FCHJKY5BBXX_L6_IGAGTGG,26,Cycle,Base Substitution,35436459,19057.00,33.00,32.47,0.53,After
FCHJKY5BBXX_L6_IGAGTGG,-26,Cycle,Base Substitution,35425737,47833.00,29.00,28.95,0.05,After
FCHJKY5BBXX_L6_IGAGTGG,27,Cycle,Base Substitution,35229390,19274.00,33.00,32.44,0.56,After
FCHJKY5BBXX_L6_IGAGTGG,-27,Cycle,Base Substitution,35216603,47961.00,29.00,28.97,0.03,After
FCHJKY5BBXX_L6_IGAGTGG,28,Cycle,Base Substitution,35002174,19750.00,32.00,32.39,-0.39,After
FCHJKY5BBXX_L6_IGAGTGG,-28,Cycle,Base Substitution,34986779,48888.00,29.00,28.89,0.11,After
FCHJKY5BBXX_L6_IGAGTGG,29,Cycle,Base Substitution,34798183,20320.00,32.00,32.31,-0.31,After
FCHJKY5BBXX_L6_IGAGTGG,-29,Cycle,Base Substitution,34779562,47696.00,29.00,28.89,0.11,After
FCHJKY5BBXX_L6_IGAGTGG,30,Cycle,Base Substitution,34594538,20493.00,32.00,32.18,-0.18,After
FCHJKY5BBXX_L6_IGAGTGG,-30,Cycle,Base Substitution,34573895,48244.00,29.00,28.77,0.23,After
FCHJKY5BBXX_L6_IGAGTGG,31,Cycle,Base Substitution,34367473,21100.00,32.00,32.04,-0.04,After
FCHJKY5BBXX_L6_IGAGTGG,-31,Cycle,Base Substitution,34344882,49483.00,28.00,28.46,-0.46,After
FCHJKY5BBXX_L6_IGAGTGG,32,Cycle,Base Substitution,34157883,23948.00,32.00,30.98,1.02,After
FCHJKY5BBXX_L6_IGAGTGG,-32,Cycle,Base Substitution,34132588,51537.00,28.00,27.73,0.27,After
FCHJKY5BBXX_L6_IGAGTGG,33,Cycle,Base Substitution,33935556,65129.00,27.00,27.83,-0.83,After
FCHJKY5BBXX_L6_IGAGTGG,-33,Cycle,Base Substitution,33881992,103659.00,25.00,25.73,-0.73,After
FCHJKY5BBXX_L6_IGAGTGG,34,Cycle,Base Substitution,33721370,21423.00,32.00,32.17,-0.17,After
FCHJKY5BBXX_L6_IGAGTGG,-34,Cycle,Base Substitution,33694570,48204.00,28.00,28.74,-0.74,After
FCHJKY5BBXX_L6_IGAGTGG,35,Cycle,Base Substitution,33514778,20905.00,32.00,32.19,-0.19,After
FCHJKY5BBXX_L6_IGAGTGG,-35,Cycle,Base Substitution,33485361,46433.00,29.00,28.65,0.35,After
FCHJKY5BBXX_L6_IGAGTGG,36,Cycle,Base Substitution,33308376,21525.00,32.00,31.85,0.15,After
FCHJKY5BBXX_L6_IGAGTGG,-36,Cycle,Base Substitution,33274374,47976.00,28.00,28.59,-0.59,After
FCHJKY5BBXX_L6_IGAGTGG,37,Cycle,Base Substitution,33084436,22197.00,32.00,31.78,0.22,After
FCHJKY5BBXX_L6_IGAGTGG,-37,Cycle,Base Substitution,33051694,46623.00,29.00,28.60,0.40,After
FCHJKY5BBXX_L6_IGAGTGG,38,Cycle,Base Substitution,32871975,22302.00,32.00,31.45,0.55,After
FCHJKY5BBXX_L6_IGAGTGG,-38,Cycle,Base Substitution,32840598,46114.00,29.00,28.64,0.36,After
FCHJKY5BBXX_L6_IGAGTGG,39,Cycle,Base Substitution,32672501,22978.00,32.00,31.33,0.67,After
FCHJKY5BBXX_L6_IGAGTGG,-39,Cycle,Base Substitution,32633939,47140.00,28.00,28.61,-0.61,After
FCHJKY5BBXX_L6_IGAGTGG,40,Cycle,Base Substitution,32443902,22441.00,32.00,31.18,0.82,After
FCHJKY5BBXX_L6_IGAGTGG,-40,Cycle,Base Substitution,32404009,45918.00,28.00,28.60,-0.60,After
FCHJKY5BBXX_L6_IGAGTGG,41,Cycle,Base Substitution,32213198,22820.00,32.00,31.11,0.89,After
FCHJKY5BBXX_L6_IGAGTGG,-41,Cycle,Base Substitution,32170778,46135.00,28.00,28.49,-0.49,After
FCHJKY5BBXX_L6_IGAGTGG,42,Cycle,Base Substitution,32005869,23111.00,31.00,31.01,-0.01,After
FCHJKY5BBXX_L6_IGAGTGG,-42,Cycle,Base Substitution,31962516,46714.00,28.00,28.42,-0.42,After
FCHJKY5BBXX_L6_IGAGTGG,43,Cycle,Base Substitution,31795106,24158.00,31.00,31.01,-0.01,After
FCHJKY5BBXX_L6_IGAGTGG,-43,Cycle,Base Substitution,31748761,50928.00,28.00,28.00,0.00,After
FCHJKY5BBXX_L6_IGAGTGG,44,Cycle,Base Substitution,31601408,23342.00,31.00,31.01,-0.01,After
FCHJKY5BBXX_L6_IGAGTGG,-44,Cycle,Base Substitution,31530234,94861.00,25.00,25.66,-0.66,After
FCHJKY5BBXX_L6_IGAGTGG,45,Cycle,Base Substitution,31383562,23555.00,31.00,31.01,-0.01,After
FCHJKY5BBXX_L6_IGAGTGG,-45,Cycle,Base Substitution,31333656,47234.00,28.00,28.31,-0.31,After
FCHJKY5BBXX_L6_IGAGTGG,46,Cycle,Base Substitution,31164456,22956.00,31.00,30.97,0.03,After
FCHJKY5BBXX_L6_IGAGTGG,-46,Cycle,Base Substitution,31107414,48142.00,28.00,28.28,-0.28,After
FCHJKY5BBXX_L6_IGAGTGG,47,Cycle,Base Substitution,30937880,23924.00,31.00,30.61,0.39,After
FCHJKY5BBXX_L6_IGAGTGG,-47,Cycle,Base Substitution,30878044,46617.00,28.00,28.28,-0.28,After
FCHJKY5BBXX_L6_IGAGTGG,48,Cycle,Base Substitution,30732780,26042.00,31.00,29.83,1.17,After
FCHJKY5BBXX_L6_IGAGTGG,-48,Cycle,Base Substitution,30661882,42603.00,29.00,28.56,0.44,After
FCHJKY5BBXX_L6_IGAGTGG,49,Cycle,Base Substitution,30429153,132557.00,24.00,23.56,0.44,After
FCHJKY5BBXX_L6_IGAGTGG,-49,Cycle,Base Substitution,30406202,37134.00,29.00,29.61,-0.61,After
FCHJKY5BBXX_L6_IGAGTGG,50,Cycle,Base Substitution,29976504,0.00,53.00,43.32,9.68,After
FCHJKY5BBXX_L6_IGAGTGG,-50,Cycle,Base Substitution,29970613,0.00,53.00,43.01,9.99,After
FCHJKY5BBXX_L6_IGAGTGG,51,Cycle,Base Substitution,28349539,0.00,53.00,43.28,9.72,After
FCHJKY5BBXX_L6_IGAGTGG,-51,Cycle,Base Substitution,28069720,0.00,52.00,42.82,9.18,After
FCHJKY5BBXX_L6_IGAGTGG,6,QualityScore,Base Substitution,583873,146889.00,6.00,6.00,0.00,After
FCHJKY5BBXX_L6_IGAGTGG,7,QualityScore,Base Substitution,1301703,269481.00,7.00,7.00,0.00,After
FCHJKY5BBXX_L6_IGAGTGG,8,QualityScore,Base Substitution,1704200,282667.00,8.00,8.00,0.00,After
FCHJKY5BBXX_L6_IGAGTGG,9,QualityScore,Base Substitution,2519693,356717.00,9.00,9.00,0.00,After
FCHJKY5BBXX_L6_IGAGTGG,10,QualityScore,Base Substitution,3155076,365504.00,9.00,10.00,-1.00,After
FCHJKY5BBXX_L6_IGAGTGG,11,QualityScore,Base Substitution,3867132,356910.00,10.00,11.00,-1.00,After
FCHJKY5BBXX_L6_IGAGTGG,12,QualityScore,Base Substitution,3802576,211583.00,13.00,12.00,1.00,After
FCHJKY5BBXX_L6_IGAGTGG,13,QualityScore,Base Substitution,5697056,277054.00,13.00,13.00,0.00,After
FCHJKY5BBXX_L6_IGAGTGG,14,QualityScore,Base Substitution,5663176,211104.00,14.00,14.00,0.00,After
FCHJKY5BBXX_L6_IGAGTGG,15,QualityScore,Base Substitution,9783881,302155.00,15.00,15.00,0.00,After
FCHJKY5BBXX_L6_IGAGTGG,16,QualityScore,Base Substitution,5009231,119571.00,16.00,16.00,0.00,After
FCHJKY5BBXX_L6_IGAGTGG,17,QualityScore,Base Substitution,6838788,139806.00,17.00,17.00,0.00,After
FCHJKY5BBXX_L6_IGAGTGG,18,QualityScore,Base Substitution,4137880,60671.00,18.00,18.00,0.00,After
FCHJKY5BBXX_L6_IGAGTGG,19,QualityScore,Base Substitution,5160558,61395.00,19.00,19.00,0.00,After
FCHJKY5BBXX_L6_IGAGTGG,20,QualityScore,Base Substitution,4627819,34154.00,21.00,20.00,1.00,After
FCHJKY5BBXX_L6_IGAGTGG,21,QualityScore,Base Substitution,19108505,128352.00,22.00,21.00,1.00,After
FCHJKY5BBXX_L6_IGAGTGG,22,QualityScore,Base Substitution,19770272,100058.00,23.00,22.00,1.00,After
FCHJKY5BBXX_L6_IGAGTGG,23,QualityScore,Base Substitution,20281063,116659.00,22.00,23.00,-1.00,After
FCHJKY5BBXX_L6_IGAGTGG,24,QualityScore,Base Substitution,24121827,97444.00,24.00,24.00,0.00,After
FCHJKY5BBXX_L6_IGAGTGG,25,QualityScore,Base Substitution,29194252,78904.00,26.00,25.00,1.00,After
FCHJKY5BBXX_L6_IGAGTGG,26,QualityScore,Base Substitution,40043919,93786.00,26.00,26.00,0.00,After
FCHJKY5BBXX_L6_IGAGTGG,27,QualityScore,Base Substitution,28171431,60662.00,27.00,27.00,0.00,After
FCHJKY5BBXX_L6_IGAGTGG,28,QualityScore,Base Substitution,64048439,73982.00,29.00,28.00,1.00,After
FCHJKY5BBXX_L6_IGAGTGG,29,QualityScore,Base Substitution,59967774,62195.00,30.00,29.00,1.00,After
FCHJKY5BBXX_L6_IGAGTGG,30,QualityScore,Base Substitution,51315669,37077.00,31.00,30.00,1.00,After
FCHJKY5BBXX_L6_IGAGTGG,31,QualityScore,Base Substitution,52874034,34787.00,32.00,31.00,1.00,After
FCHJKY5BBXX_L6_IGAGTGG,32,QualityScore,Base Substitution,60504898,32889.00,33.00,32.00,1.00,After
FCHJKY5BBXX_L6_IGAGTGG,33,QualityScore,Base Substitution,81580460,38613.00,33.00,33.00,0.00,After
FCHJKY5BBXX_L6_IGAGTGG,34,QualityScore,Base Substitution,161046633,62998.00,34.00,34.00,0.00,After
FCHJKY5BBXX_L6_IGAGTGG,35,QualityScore,Base Substitution,224436338,83692.00,34.00,35.00,-1.00,After
FCHJKY5BBXX_L6_IGAGTGG,36,QualityScore,Base Substitution,453692823,121392.00,36.00,36.00,0.00,After
FCHJKY5BBXX_L6_IGAGTGG,37,QualityScore,Base Substitution,700885916,163604.00,36.00,37.00,-1.00,After
FCHJKY5BBXX_L6_IGAGTGG,38,QualityScore,Base Substitution,699034788,137891.00,37.00,38.00,-1.00,After
FCHJKY5BBXX_L6_IGAGTGG,39,QualityScore,Base Substitution,390336247,68130.00,38.00,39.00,-1.00,After
FCHJKY5BBXX_L6_IGAGTGG,40,QualityScore,Base Substitution,91623950,15580.00,38.00,40.00,-2.00,After
FCHJKY5BBXX_L6_IGAGTGG,41,QualityScore,Base Substitution,11073883,3420.00,35.00,41.00,-6.00,After
FCHJKY5BBXX_L6_IGAGTGG,42,QualityScore,Base Substitution,7341390,694.00,40.00,42.00,-2.00,After
FCHJKY5BBXX_L6_IGAGTGG,43,QualityScore,Base Substitution,451963,0.00,44.00,43.00,1.00,After
FCHJKY5BBXX_L6_IGAGTGG,44,QualityScore,Base Substitution,1414685,0.00,46.00,44.00,2.00,After
FCHJKY5BBXX_L6_IGAGTGG,45,QualityScore,Base Substitution,6234599,0.00,49.00,45.00,4.00,After
FCHJKY5BBXX_L6_IGAGTGG,46,QualityScore,Base Substitution,5979141,0.00,50.00,46.00,4.00,After
FCHJKY5BBXX_L6_IGAGTGG,47,QualityScore,Base Substitution,19462018,0.00,53.00,47.00,6.00,After
FCHJKY5BBXX_L6_IGAGTGG,48,QualityScore,Base Substitution,195271,0.00,48.00,48.00,0.00,After
FCHJKY5BBXX_L6_IGAGTGG,49,QualityScore,Base Substitution,104710727,0.00,58.00,49.00,9.00,After
FCHJKY5BBXX_L6_IGAGTGG,50,QualityScore,Base Substitution,45415579,0.00,56.00,50.00,6.00,After
FCHJKY5BBXX_L6_IGAGTGG,51,QualityScore,Base Substitution,56676504,0.00,57.00,51.00,6.00,After
FCHJKY5BBXX_L6_IGAGTGG,52,QualityScore,Base Substitution,9090862,0.00,54.00,52.00,2.00,After
